{
  "11": {
    "name": "Hà Nội",
    "slug": "ha-noi",
    "type": "thanh-pho",
    "name_with_type": "Thành Phố Hà Nội",
    "code": "11"
  },
  "12": {
    "name": "Hồ Chí Minh",
    "slug": "ho-chi-minh",
    "type": "thanh-pho",
    "name_with_type": "Thành Phố Hồ Chí Minh",
    "code": "12"
  },
  "13": {
    "name": "Hải Phòng",
    "slug": "hai-phong",
    "type": "thanh-pho",
    "name_with_type": "Thành Phố Hải Phòng",
    "code": "13"
  },
  "14": {
    "name": "Đà Nẵng",
    "slug": "da-nang",
    "type": "thanh-pho",
    "name_with_type": "Thành Phố Đà Nẵng",
    "code": "14"
  },
  "15": {
    "name": "Cần Thơ",
    "slug": "can-tho",
    "type": "thanh-pho",
    "name_with_type": "Thành Phố Cần Thơ",
    "code": "15"
  },
  "16": {
    "name": "An Giang",
    "slug": "an-giang",
    "type": "tinh",
    "name_with_type": "Tỉnh An Giang",
    "code": "16"
  },
  "17": {
    "name": "Bà Rịa-Vũng Tàu",
    "slug": "ba-ria-vung-tau",
    "type": "tinh",
    "name_with_type": "Tỉnh Bà Rịa-Vũng Tàu",
    "code": "17"
  },
  "18": {
    "name": "Bạc Liêu",
    "slug": "bac-lieu",
    "type": "tinh",
    "name_with_type": "Tỉnh Bạc Liêu",
    "code": "18"
  },
  "19": {
    "name": "Bắc Giang",
    "slug": "bac-giang",
    "type": "tinh",
    "name_with_type": "Tỉnh Bắc Giang",
    "code": "19"
  },
  "20": {
    "name": "Bắc Kạn",
    "slug": "bac-kan",
    "type": "tinh",
    "name_with_type": "Tỉnh Bắc Kạn",
    "code": "20"
  },
  "21": {
    "name": "Bắc Ninh",
    "slug": "bac-ninh",
    "type": "tinh",
    "name_with_type": "Tỉnh Bắc Ninh",
    "code": "21"
  },
  "22": {
    "name": "Bến Tre",
    "slug": "ben-tre",
    "type": "tinh",
    "name_with_type": "Tỉnh Bến Tre",
    "code": "22"
  },
  "23": {
    "name": "Bình Dương",
    "slug": "binh-duong",
    "type": "tinh",
    "name_with_type": "Tỉnh Bình Dương",
    "code": "23"
  },
  "24": {
    "name": "Bình Định",
    "slug": "binh-dinh",
    "type": "tinh",
    "name_with_type": "Tỉnh Bình Định",
    "code": "24"
  },
  "25": {
    "name": "Bình Phước",
    "slug": "binh-phuoc",
    "type": "tinh",
    "name_with_type": "Tỉnh Bình Phước",
    "code": "25"
  },
  "26": {
    "name": "Bình Thuận",
    "slug": "binh-thuan",
    "type": "tinh",
    "name_with_type": "Tỉnh Bình Thuận",
    "code": "26"
  },
  "27": {
    "name": "Cà Mau",
    "slug": "ca-mau",
    "type": "tinh",
    "name_with_type": "Tỉnh Cà Mau",
    "code": "27"
  },
  "28": {
    "name": "Cao Bằng",
    "slug": "cao-bang",
    "type": "tinh",
    "name_with_type": "Tỉnh Cao Bằng",
    "code": "28"
  },
  "29": {
    "name": "Đắk Lắk",
    "slug": "dak-lak",
    "type": "tinh",
    "name_with_type": "Tỉnh Đắk Lắk",
    "code": "29"
  },
  "30": {
    "name": "Đắk Nông",
    "slug": "dak-nong",
    "type": "tinh",
    "name_with_type": "Tỉnh Đắk Nông",
    "code": "30"
  },
  "31": {
    "name": "Điện Biên",
    "slug": "dien-bien",
    "type": "tinh",
    "name_with_type": "Tỉnh Điện Biên",
    "code": "31"
  },
  "32": {
    "name": "Đồng Nai",
    "slug": "dong-nai",
    "type": "tinh",
    "name_with_type": "Tỉnh Đồng Nai",
    "code": "32"
  },
  "33": {
    "name": "Đồng Tháp",
    "slug": "dong-thap",
    "type": "tinh",
    "name_with_type": "Tỉnh Đồng Tháp",
    "code": "33"
  },
  "34": {
    "name": "Gia Lai",
    "slug": "gia-lai",
    "type": "tinh",
    "name_with_type": "Tỉnh Gia Lai",
    "code": "34"
  },
  "35": {
    "name": "Hà Giang",
    "slug": "ha-giang",
    "type": "tinh",
    "name_with_type": "Tỉnh Hà Giang",
    "code": "35"
  },
  "36": {
    "name": "Hà Nam",
    "slug": "ha-nam",
    "type": "tinh",
    "name_with_type": "Tỉnh Hà Nam",
    "code": "36"
  },
  "37": {
    "name": "Hà Tĩnh",
    "slug": "ha-tinh",
    "type": "tinh",
    "name_with_type": "Tỉnh Hà Tĩnh",
    "code": "37"
  },
  "38": {
    "name": "Hải Dương",
    "slug": "hai-duong",
    "type": "tinh",
    "name_with_type": "Tỉnh Hải Dương",
    "code": "38"
  },
  "39": {
    "name": "Hậu Giang",
    "slug": "hau-giang",
    "type": "tinh",
    "name_with_type": "Tỉnh Hậu Giang",
    "code": "39"
  },
  "40": {
    "name": "Hòa Bình",
    "slug": "hoa-binh",
    "type": "tinh",
    "name_with_type": "Tỉnh Hòa Bình",
    "code": "40"
  },
  "41": {
    "name": "Hưng Yên",
    "slug": "hung-yen",
    "type": "tinh",
    "name_with_type": "Tỉnh Hưng Yên",
    "code": "41"
  },
  "42": {
    "name": "Khánh Hòa",
    "slug": "khanh-hoa",
    "type": "tinh",
    "name_with_type": "Tỉnh Khánh Hòa",
    "code": "42"
  },
  "43": {
    "name": "Kiên Giang",
    "slug": "kien-giang",
    "type": "tinh",
    "name_with_type": "Tỉnh Kiên Giang",
    "code": "43"
  },
  "44": {
    "name": "Kon Tum",
    "slug": "kon-tum",
    "type": "tinh",
    "name_with_type": "Tỉnh Kon Tum",
    "code": "44"
  },
  "45": {
    "name": "Lai Châu",
    "slug": "lai-chau",
    "type": "tinh",
    "name_with_type": "Tỉnh Lai Châu",
    "code": "45"
  },
  "46": {
    "name": "Lâm Đồng",
    "slug": "lam-dong",
    "type": "tinh",
    "name_with_type": "Tỉnh Lâm Đồng",
    "code": "46"
  },
  "47": {
    "name": "Lạng Sơn",
    "slug": "lang-son",
    "type": "tinh",
    "name_with_type": "Tỉnh Lạng Sơn",
    "code": "47"
  },
  "48": {
    "name": "Lào Cai",
    "slug": "lao-cai",
    "type": "tinh",
    "name_with_type": "Tỉnh Lào Cai",
    "code": "48"
  },
  "49": {
    "name": "Long An",
    "slug": "long-an",
    "type": "tinh",
    "name_with_type": "Tỉnh Long An",
    "code": "49"
  },
  "50": {
    "name": "Nam Định",
    "slug": "nam-dinh",
    "type": "tinh",
    "name_with_type": "Tỉnh Nam Định",
    "code": "50"
  },
  "51": {
    "name": "Nghệ An",
    "slug": "nghe-an",
    "type": "tinh",
    "name_with_type": "Tỉnh Nghệ An",
    "code": "51"
  },
  "52": {
    "name": "Ninh Bình",
    "slug": "ninh-binh",
    "type": "tinh",
    "name_with_type": "Tỉnh Ninh Bình",
    "code": "52"
  },
  "53": {
    "name": "Ninh Thuận",
    "slug": "ninh-thuan",
    "type": "tinh",
    "name_with_type": "Tỉnh Ninh Thuận",
    "code": "53"
  },
  "54": {
    "name": "Phú Thọ",
    "slug": "phu-tho",
    "type": "tinh",
    "name_with_type": "Tỉnh Phú Thọ",
    "code": "54"
  },
  "55": {
    "name": "Phú Yên",
    "slug": "phu-yen",
    "type": "tinh",
    "name_with_type": "Tỉnh Phú Yên",
    "code": "55"
  },
  "56": {
    "name": "Quảng Bình",
    "slug": "quang-binh",
    "type": "tinh",
    "name_with_type": "Tỉnh Quảng Bình",
    "code": "56"
  },
  "57": {
    "name": "Quảng Nam",
    "slug": "quang-nam",
    "type": "tinh",
    "name_with_type": "Tỉnh Quảng Nam",
    "code": "57"
  },
  "58": {
    "name": "Quảng Ngãi",
    "slug": "quang-ngai",
    "type": "tinh",
    "name_with_type": "Tỉnh Quảng Ngãi",
    "code": "58"
  },
  "59": {
    "name": "Quảng Ninh",
    "slug": "quang-ninh",
    "type": "tinh",
    "name_with_type": "Tỉnh Quảng Ninh",
    "code": "59"
  },
  "60": {
    "name": "Quảng Trị",
    "slug": "quang-tri",
    "type": "tinh",
    "name_with_type": "Tỉnh Quảng Trị",
    "code": "60"
  },
  "61": {
    "name": "Sóc Trăng",
    "slug": "soc-trang",
    "type": "tinh",
    "name_with_type": "Tỉnh Sóc Trăng",
    "code": "61"
  },
  "62": {
    "name": "Sơn La",
    "slug": "son-la",
    "type": "tinh",
    "name_with_type": "Tỉnh Sơn La",
    "code": "62"
  },
  "63": {
    "name": "Tây Ninh",
    "slug": "tay-ninh",
    "type": "tinh",
    "name_with_type": "Tỉnh Tây Ninh",
    "code": "63"
  },
  "64": {
    "name": "Thái Bình",
    "slug": "thai-binh",
    "type": "tinh",
    "name_with_type": "Tỉnh Thái Bình",
    "code": "64"
  },
  "65": {
    "name": "Thái Nguyên",
    "slug": "thai-nguyen",
    "type": "tinh",
    "name_with_type": "Tỉnh Thái Nguyên",
    "code": "65"
  },
  "66": {
    "name": "Thanh Hóa",
    "slug": "thanh-hoa",
    "type": "tinh",
    "name_with_type": "Tỉnh Thanh Hóa",
    "code": "66"
  },
  "67": {
    "name": "Huế",
    "slug": "hue",
    "type": "thanh-pho",
    "name_with_type": "Thành Phố Huế",
    "code": "67"
  },
  "68": {
    "name": "Tiền Giang",
    "slug": "tien-giang",
    "type": "tinh",
    "name_with_type": "Tỉnh Tiền Giang",
    "code": "68"
  },
  "69": {
    "name": "Trà Vinh",
    "slug": "tra-vinh",
    "type": "tinh",
    "name_with_type": "Tỉnh Trà Vinh",
    "code": "69"
  },
  "70": {
    "name": "Tuyên Quang",
    "slug": "tuyen-quang",
    "type": "tinh",
    "name_with_type": "Tỉnh Tuyên Quang",
    "code": "70"
  },
  "71": {
    "name": "Vĩnh Long",
    "slug": "vinh-long",
    "type": "tinh",
    "name_with_type": "Tỉnh Vĩnh Long",
    "code": "71"
  },
  "72": {
    "name": "Vĩnh Phúc",
    "slug": "vinh-phuc",
    "type": "tinh",
    "name_with_type": "Tỉnh Vĩnh Phúc",
    "code": "72"
  },
  "73": {
    "name": "Yên Bái",
    "slug": "yen-bai",
    "type": "tinh",
    "name_with_type": "Tỉnh Yên Bái",
    "code": "73"
  }
}
